Match,Team,Time,Player,Action_Type,Yellow_Card,Red_Card,Full_Text
2019-10-01 - Blackburn Rovers - Nottingham Forest,Nottingham Forest,1',Joe Lolley,Shot,0,0,Attempt blocked. Joe Lolley (Nottingham Forest) left footed shot from the centre of the box is blocked. Assisted by Sammy Ameobi.
2019-10-01 - Blackburn Rovers - Nottingham Forest,Nottingham Forest,1',None,Corner,0,0,"Corner,  Nottingham Forest. Conceded by Greg Cunningham."
2019-10-01 - Blackburn Rovers - Nottingham Forest,Blackburn Rovers,7',None,Corner,0,0,"Corner,  Blackburn Rovers. Conceded by Matthew Cash."
2019-10-01 - Blackburn Rovers - Nottingham Forest,Blackburn Rovers,9',Adam Armstrong,Shot,0,0,Attempt saved. Adam Armstrong (Blackburn Rovers) right footed shot from outside the box is saved in the centre of the goal. Assisted by Stewart Downing.
2019-10-01 - Blackburn Rovers - Nottingham Forest,Nottingham Forest,9',Samba Sow,Foul,0,0,Foul by Samba Sow (Nottingham Forest).
2019-10-01 - Blackburn Rovers - Nottingham Forest,Blackburn Rovers,9',Sam Gallagher,FreeKick,0,0,Sam Gallagher (Blackburn Rovers) wins a free kick in the defensive half.
2019-10-01 - Blackburn Rovers - Nottingham Forest,Nottingham Forest,15',Lewis Grabban,Foul,0,0,Hand ball by Lewis Grabban (Nottingham Forest).
2019-10-01 - Blackburn Rovers - Nottingham Forest,Blackburn Rovers,17',None,Offside,0,0,"Offside, Blackburn Rovers. Elliott Bennett tries a through ball, but Sam Gallagher is caught offside."
2019-10-01 - Blackburn Rovers - Nottingham Forest,Blackburn Rovers,21',Darragh Lenihan,Foul,0,0,Foul by Darragh Lenihan (Blackburn Rovers).
2019-10-01 - Blackburn Rovers - Nottingham Forest,Nottingham Forest,21',Yuri Ribeiro,FreeKick,0,0,Yuri Ribeiro (Nottingham Forest) wins a free kick on the left wing.
2019-10-01 - Blackburn Rovers - Nottingham Forest,Blackburn Rovers,22',Darragh Lenihan,Foul,1,0,Darragh Lenihan (Blackburn Rovers) is shown the yellow card for a bad foul.
2019-10-01 - Blackburn Rovers - Nottingham Forest,Nottingham Forest,23',Samba Sow,Shot,0,0,Attempt blocked. Samba Sow (Nottingham Forest) header from the centre of the box is blocked. Assisted by Joe Lolley with a cross.
2019-10-01 - Blackburn Rovers - Nottingham Forest,Nottingham Forest,23',None,Corner,0,0,"Corner,  Nottingham Forest. Conceded by Darragh Lenihan."
2019-10-01 - Blackburn Rovers - Nottingham Forest,Nottingham Forest,25',Samba Sow,Foul,0,0,Foul by Samba Sow (Nottingham Forest).
2019-10-01 - Blackburn Rovers - Nottingham Forest,Blackburn Rovers,25',Lewis Travis,FreeKick,0,0,Lewis Travis (Blackburn Rovers) wins a free kick in the attacking half.
2019-10-01 - Blackburn Rovers - Nottingham Forest,Blackburn Rovers,26',Bradley Dack,FreeKick,0,0,Bradley Dack (Blackburn Rovers) wins a free kick in the attacking half.
2019-10-01 - Blackburn Rovers - Nottingham Forest,Nottingham Forest,26',Joe Lolley,Foul,0,0,Foul by Joe Lolley (Nottingham Forest).
2019-10-01 - Blackburn Rovers - Nottingham Forest,Blackburn Rovers,27',Bradley Dack,Shot,0,0,Attempt missed. Bradley Dack (Blackburn Rovers) right footed shot from the centre of the box misses to the right. Assisted by Greg Cunningham.
2019-10-01 - Blackburn Rovers - Nottingham Forest,Nottingham Forest,28',Lewis Grabban,Shot,0,0,Attempt saved. Lewis Grabban (Nottingham Forest) right footed shot from outside the box is saved in the top centre of the goal.
2019-10-01 - Blackburn Rovers - Nottingham Forest,Blackburn Rovers,28',None,Corner,0,0,"Corner,  Blackburn Rovers. Conceded by Matthew Cash."
2019-10-01 - Blackburn Rovers - Nottingham Forest,Blackburn Rovers,29',Bradley Dack,Shot,0,0,Attempt missed. Bradley Dack (Blackburn Rovers) right footed shot from outside the box is high and wide to the right following a corner.
2019-10-01 - Blackburn Rovers - Nottingham Forest,Nottingham Forest,31',Sammy Ameobi,Shot,0,0,Attempt blocked. Sammy Ameobi (Nottingham Forest) left footed shot from outside the box is blocked. Assisted by Matthew Cash.
2019-10-01 - Blackburn Rovers - Nottingham Forest,Blackburn Rovers,32',Darragh Lenihan,Foul,0,0,Foul by Darragh Lenihan (Blackburn Rovers).
2019-10-01 - Blackburn Rovers - Nottingham Forest,Nottingham Forest,32',Sammy Ameobi,FreeKick,0,0,Sammy Ameobi (Nottingham Forest) wins a free kick in the attacking half.
2019-10-01 - Blackburn Rovers - Nottingham Forest,Blackburn Rovers,33',Adam Armstrong,FreeKick,0,0,Adam Armstrong (Blackburn Rovers) wins a free kick in the defensive half.
2019-10-01 - Blackburn Rovers - Nottingham Forest,Nottingham Forest,33',Sammy Ameobi,Foul,0,0,Foul by Sammy Ameobi (Nottingham Forest).
2019-10-01 - Blackburn Rovers - Nottingham Forest,Nottingham Forest,33',Sammy Ameobi,Foul,1,0,Sammy Ameobi (Nottingham Forest) is shown the yellow card for a bad foul.
2019-10-01 - Blackburn Rovers - Nottingham Forest,Nottingham Forest,34',Matthew Cash,Foul,0,0,Hand ball by Matthew Cash (Nottingham Forest).
2019-10-01 - Blackburn Rovers - Nottingham Forest,Nottingham Forest,42',Yuri Ribeiro,Shot,0,0,Attempt missed. Yuri Ribeiro (Nottingham Forest) left footed shot from outside the box is too high.
2019-10-01 - Blackburn Rovers - Nottingham Forest,Blackburn Rovers,44',Derrick Williams,FreeKick,0,0,Derrick Williams (Blackburn Rovers) wins a free kick in the attacking half.
2019-10-01 - Blackburn Rovers - Nottingham Forest,Nottingham Forest,44',Lewis Grabban,Foul,0,0,Foul by Lewis Grabban (Nottingham Forest).
2019-10-01 - Blackburn Rovers - Nottingham Forest,Blackburn Rovers,45',Stewart Downing,Shot,0,0,Attempt blocked. Stewart Downing (Blackburn Rovers) right footed shot from outside the box is blocked. Assisted by Danny Graham.
2019-10-01 - Blackburn Rovers - Nottingham Forest,Blackburn Rovers,45',Lewis Travis,Foul,0,0,Foul by Lewis Travis (Blackburn Rovers).
2019-10-01 - Blackburn Rovers - Nottingham Forest,Nottingham Forest,45',Yuri Ribeiro,FreeKick,0,0,Yuri Ribeiro (Nottingham Forest) wins a free kick in the attacking half.
2019-10-01 - Blackburn Rovers - Nottingham Forest,Blackburn Rovers,45'+2',None,Other,0,0,"First Half ends, Blackburn Rovers 0, Nottingham Forest 0."
2019-10-01 - Blackburn Rovers - Nottingham Forest,Blackburn Rovers,45',None,Other,0,0,"Second Half begins Blackburn Rovers 0, Nottingham Forest 0."
2019-10-01 - Blackburn Rovers - Nottingham Forest,Blackburn Rovers,46',None,Corner,0,0,"Corner,  Blackburn Rovers. Conceded by Matthew Cash."
2019-10-01 - Blackburn Rovers - Nottingham Forest,Blackburn Rovers,46',Adam Armstrong,Shot,0,0,Attempt blocked. Adam Armstrong (Blackburn Rovers) right footed shot from outside the box is blocked. Assisted by Stewart Downing.
2019-10-01 - Blackburn Rovers - Nottingham Forest,Blackburn Rovers,47',None,Corner,0,0,"Corner,  Blackburn Rovers. Conceded by Joe Worrall."
2019-10-01 - Blackburn Rovers - Nottingham Forest,Blackburn Rovers,49',None,Corner,0,0,"Corner,  Blackburn Rovers. Conceded by Joe Worrall."
2019-10-01 - Blackburn Rovers - Nottingham Forest,Blackburn Rovers,50',Sam Gallagher,Shot,0,0,Attempt missed. Sam Gallagher (Blackburn Rovers) header from the centre of the box misses to the right. Assisted by Greg Cunningham with a cross.
2019-10-01 - Blackburn Rovers - Nottingham Forest,Nottingham Forest,52',None,Corner,0,0,"Corner,  Nottingham Forest. Conceded by Greg Cunningham."
2019-10-01 - Blackburn Rovers - Nottingham Forest,Nottingham Forest,52',Ben Watson,Shot,0,0,Attempt missed. Ben Watson (Nottingham Forest) right footed shot from outside the box is too high following a corner.
2019-10-01 - Blackburn Rovers - Nottingham Forest,Nottingham Forest,54',Ben Watson,FreeKick,0,0,Ben Watson (Nottingham Forest) wins a free kick on the left wing.
2019-10-01 - Blackburn Rovers - Nottingham Forest,Blackburn Rovers,54',Bradley Dack,Foul,0,0,Foul by Bradley Dack (Blackburn Rovers).
2019-10-01 - Blackburn Rovers - Nottingham Forest,Blackburn Rovers,56',Danny Graham,Shot,0,0,Attempt missed. Danny Graham (Blackburn Rovers) header from the centre of the box is just a bit too high. Assisted by Stewart Downing with a cross.
2019-10-01 - Blackburn Rovers - Nottingham Forest,Blackburn Rovers,56',Stewart Downing,Foul,0,0,Foul by Stewart Downing (Blackburn Rovers).
2019-10-01 - Blackburn Rovers - Nottingham Forest,Nottingham Forest,56',Samba Sow,FreeKick,0,0,Samba Sow (Nottingham Forest) wins a free kick in the defensive half.
2019-10-01 - Blackburn Rovers - Nottingham Forest,Nottingham Forest,58',Lewis Grabban,Shot,0,0,Attempt saved. Lewis Grabban (Nottingham Forest) right footed shot from outside the box is saved in the centre of the goal.
2019-10-01 - Blackburn Rovers - Nottingham Forest,Blackburn Rovers,59',None,Substitution,0,0,"Substitution, Blackburn Rovers. Joe Rothwell replaces Sam Gallagher."
2019-10-01 - Blackburn Rovers - Nottingham Forest,Blackburn Rovers,60',Danny Graham,Shot,0,0,Attempt blocked. Danny Graham (Blackburn Rovers) header from the centre of the box is blocked. Assisted by Stewart Downing with a cross.
2019-10-01 - Blackburn Rovers - Nottingham Forest,Blackburn Rovers,60',Stewart Downing,Foul,0,0,Foul by Stewart Downing (Blackburn Rovers).
2019-10-01 - Blackburn Rovers - Nottingham Forest,Nottingham Forest,60',Joe Lolley,FreeKick,0,0,Joe Lolley (Nottingham Forest) wins a free kick in the defensive half.
2019-10-01 - Blackburn Rovers - Nottingham Forest,Blackburn Rovers,60',Stewart Downing,Foul,1,0,Stewart Downing (Blackburn Rovers) is shown the yellow card for a bad foul.
2019-10-01 - Blackburn Rovers - Nottingham Forest,Nottingham Forest,62',None,Substitution,0,0,"Substitution, Nottingham Forest. João Carvalho replaces Sammy Ameobi."
2019-10-01 - Blackburn Rovers - Nottingham Forest,Blackburn Rovers,63',Adam Armstrong,Goal,0,0,"Goal!  Blackburn Rovers 1, Nottingham Forest 0. Adam Armstrong (Blackburn Rovers) right footed shot from a difficult angle on the right to the centre of the goal."
2019-10-01 - Blackburn Rovers - Nottingham Forest,Blackburn Rovers,65',Joe Lolley,Goal,0,0,"Goal!  Blackburn Rovers 1, Nottingham Forest 1. Joe Lolley (Nottingham Forest) left footed shot from outside the box to the bottom right corner. Assisted by Samba Sow."
2019-10-01 - Blackburn Rovers - Nottingham Forest,Nottingham Forest,67',None,Offside,0,0,"Offside, Nottingham Forest. João Carvalho tries a through ball, but Yuri Ribeiro is caught offside."
2019-10-01 - Blackburn Rovers - Nottingham Forest,Blackburn Rovers,68',None,Corner,0,0,"Corner,  Blackburn Rovers. Conceded by Jack Robinson."
2019-10-01 - Blackburn Rovers - Nottingham Forest,Blackburn Rovers,68',Darragh Lenihan,Shot,0,0,"Attempt missed. Darragh Lenihan (Blackburn Rovers) header from the left side of the box is close, but misses to the left. Assisted by Stewart Downing with a cross following a corner."
2019-10-01 - Blackburn Rovers - Nottingham Forest,Nottingham Forest,70',João Carvalho,Shot,0,0,Attempt saved. João Carvalho (Nottingham Forest) right footed shot from outside the box is saved in the bottom right corner. Assisted by Yuri Ribeiro.
2019-10-01 - Blackburn Rovers - Nottingham Forest,Blackburn Rovers,71',Joe Rothwell,Shot,0,0,"Attempt missed. Joe Rothwell (Blackburn Rovers) left footed shot from the left side of the box is close, but misses to the left. Assisted by Adam Armstrong."
2019-10-01 - Blackburn Rovers - Nottingham Forest,Nottingham Forest,72',None,Substitution,0,0,"Substitution, Nottingham Forest. Albert Adomah replaces Yuri Ribeiro."
2019-10-01 - Blackburn Rovers - Nottingham Forest,Blackburn Rovers,73',Adam Armstrong,Foul,0,0,Foul by Adam Armstrong (Blackburn Rovers).
2019-10-01 - Blackburn Rovers - Nottingham Forest,Nottingham Forest,73',Jack Robinson,FreeKick,0,0,Jack Robinson (Nottingham Forest) wins a free kick on the left wing.
2019-10-01 - Blackburn Rovers - Nottingham Forest,Blackburn Rovers,76',None,Corner,0,0,"Corner,  Blackburn Rovers. Conceded by Brice Samba."
2019-10-01 - Blackburn Rovers - Nottingham Forest,Blackburn Rovers,76',Stewart Downing,Shot,0,0,Attempt blocked. Stewart Downing (Blackburn Rovers) left footed shot from outside the box is blocked.
2019-10-01 - Blackburn Rovers - Nottingham Forest,Nottingham Forest,76',João Carvalho,Shot,0,0,Attempt blocked. João Carvalho (Nottingham Forest) right footed shot from the left side of the box is blocked. Assisted by Albert Adomah.
2019-10-01 - Blackburn Rovers - Nottingham Forest,Blackburn Rovers,78',Adam Armstrong,FreeKick,0,0,Adam Armstrong (Blackburn Rovers) wins a free kick on the right wing.
2019-10-01 - Blackburn Rovers - Nottingham Forest,Nottingham Forest,78',Jack Robinson,Foul,0,0,Foul by Jack Robinson (Nottingham Forest).
2019-10-01 - Blackburn Rovers - Nottingham Forest,Blackburn Rovers,79',None,Corner,0,0,"Corner,  Blackburn Rovers. Conceded by Matthew Cash."
2019-10-01 - Blackburn Rovers - Nottingham Forest,Nottingham Forest,80',None,Substitution,0,0,"Substitution, Nottingham Forest. Tiago Silva replaces Samba Sow."
2019-10-01 - Blackburn Rovers - Nottingham Forest,Blackburn Rovers,82',Joe Rothwell,Shot,0,0,Attempt saved. Joe Rothwell (Blackburn Rovers) right footed shot from outside the box is saved in the bottom right corner. Assisted by Bradley Dack.
2019-10-01 - Blackburn Rovers - Nottingham Forest,Blackburn Rovers,82',None,Corner,0,0,"Corner,  Blackburn Rovers. Conceded by Brice Samba."
2019-10-01 - Blackburn Rovers - Nottingham Forest,Blackburn Rovers,83',None,Substitution,0,0,"Substitution, Blackburn Rovers. Lewis Holtby replaces Bradley Dack."
2019-10-01 - Blackburn Rovers - Nottingham Forest,Blackburn Rovers,83',None,Substitution,0,0,"Substitution, Blackburn Rovers. Dominic Samuel replaces Danny Graham."
2019-10-01 - Blackburn Rovers - Nottingham Forest,Blackburn Rovers,83',Derrick Williams,Shot,0,0,Attempt saved. Derrick Williams (Blackburn Rovers) header from the centre of the box is saved in the top centre of the goal. Assisted by Adam Armstrong with a cross.
2019-10-01 - Blackburn Rovers - Nottingham Forest,Blackburn Rovers,84',None,Corner,0,0,"Corner,  Blackburn Rovers. Conceded by Tiago Silva."
2019-10-01 - Blackburn Rovers - Nottingham Forest,Blackburn Rovers,85',Adam Armstrong,Shot,0,0,Attempt blocked. Adam Armstrong (Blackburn Rovers) right footed shot from the right side of the box is blocked. Assisted by Lewis Holtby.
2019-10-01 - Blackburn Rovers - Nottingham Forest,Blackburn Rovers,85',Dominic Samuel,Shot,0,0,Attempt missed. Dominic Samuel (Blackburn Rovers) header from the centre of the box misses to the right. Assisted by Lewis Holtby with a cross following a corner.
2019-10-01 - Blackburn Rovers - Nottingham Forest,Blackburn Rovers,85',Stewart Downing,Shot,0,0,Attempt blocked. Stewart Downing (Blackburn Rovers) right footed shot from outside the box is blocked.
2019-10-01 - Blackburn Rovers - Nottingham Forest,Blackburn Rovers,85',Dominic Samuel,Shot,0,0,Attempt blocked. Dominic Samuel (Blackburn Rovers) right footed shot from the right side of the six yard box is blocked.
2019-10-01 - Blackburn Rovers - Nottingham Forest,Blackburn Rovers,85',None,Corner,0,0,"Corner,  Blackburn Rovers. Conceded by Joe Worrall."
2019-10-01 - Blackburn Rovers - Nottingham Forest,Blackburn Rovers,88',Lewis Holtby,Shot,0,0,Attempt blocked. Lewis Holtby (Blackburn Rovers) left footed shot from the right side of the box is blocked. Assisted by Adam Armstrong.
2019-10-01 - Blackburn Rovers - Nottingham Forest,Blackburn Rovers,88',Adam Armstrong,Shot,0,0,Attempt missed. Adam Armstrong (Blackburn Rovers) left footed shot from outside the box is high and wide to the left. Assisted by Joe Rothwell.
2019-10-01 - Blackburn Rovers - Nottingham Forest,Blackburn Rovers,90',Elliott Bennett,Shot,0,0,Attempt saved. Elliott Bennett (Blackburn Rovers) right footed shot from the right side of the box is saved in the centre of the goal. Assisted by Adam Armstrong.
2019-10-01 - Blackburn Rovers - Nottingham Forest,Blackburn Rovers,90',Joe Rothwell,Shot,0,0,Attempt saved. Joe Rothwell (Blackburn Rovers) right footed shot from the centre of the box is saved in the top centre of the goal.
2019-10-01 - Blackburn Rovers - Nottingham Forest,Nottingham Forest,90'+1',Joe Worrall,Foul,0,0,Foul by Joe Worrall (Nottingham Forest).
2019-10-01 - Blackburn Rovers - Nottingham Forest,Blackburn Rovers,90'+1',Lewis Holtby,FreeKick,0,0,Lewis Holtby (Blackburn Rovers) wins a free kick on the right wing.
2019-10-01 - Blackburn Rovers - Nottingham Forest,Blackburn Rovers,90'+2',Dominic Samuel,Foul,0,0,Foul by Dominic Samuel (Blackburn Rovers).
2019-10-01 - Blackburn Rovers - Nottingham Forest,Nottingham Forest,90'+2',Matthew Cash,FreeKick,0,0,Matthew Cash (Nottingham Forest) wins a free kick in the defensive half.
2019-10-01 - Blackburn Rovers - Nottingham Forest,Blackburn Rovers,90'+3',Joe Rothwell,Foul,0,0,Foul by Joe Rothwell (Blackburn Rovers).
2019-10-01 - Blackburn Rovers - Nottingham Forest,Nottingham Forest,90'+3',Matthew Cash,FreeKick,0,0,Matthew Cash (Nottingham Forest) wins a free kick in the defensive half.
2019-10-01 - Blackburn Rovers - Nottingham Forest,Blackburn Rovers,90'+4',Darragh Lenihan,FreeKick,0,0,Darragh Lenihan (Blackburn Rovers) wins a free kick in the defensive half.
2019-10-01 - Blackburn Rovers - Nottingham Forest,Nottingham Forest,90'+4',Lewis Grabban,Foul,0,0,Foul by Lewis Grabban (Nottingham Forest).
2019-10-01 - Blackburn Rovers - Nottingham Forest,Blackburn Rovers,90'+5',None,Other,0,0,"Second Half ends, Blackburn Rovers 1, Nottingham Forest 1."
